English,Abbreviation,Chinese
Abciximab,,阿昔单抗
Abdominal Aortic Aneurysm,AAA,腹主动脉瘤
Abdominal Compartment Syndrome,,腹腔间隔室综合征
ABO Compatibility,,ABO血型相容性
Abruptio Placentae,,胎盘早剥
Accelerometry,,加速度计监测
Acetaminophen,,对乙酰氨基酚
Acetaminophen Toxicity,,对乙酰氨基酚中毒
Acetazolamide,,乙酰唑胺
Acetylcholine,ACh,乙酰胆碱
Acetylcholinesterase,,乙酰胆碱酯酶
Acid-Base Disorder,,酸碱平衡紊乱
Acidosis,,酸中毒
Acromegaly,,肢端肥大症
Actin,,肌动蛋白
Activated Clotting Time,ACT,活化凝血时间
Activated Coagulation Time,ACT,活化凝血时间
Activated Partial Thromboplastin Time,aPTT,活化部分凝血活酶时间
Acute Kidney Injury,AKI,急性肾损伤
Acute Liver Failure,ALF,急性肝衰竭
Acute Lung Injury,ALI,急性肺损伤
Acute Normovolemic Hemodilution,ANH,急性等容性血液稀释
Acute Pain Management,,急性疼痛管理
Acute Radiation Syndrome,,急性辐射综合征
Acute Rejection,,急性排斥反应
Acute Respiratory Distress Syndrome,ARDS,急性呼吸窘迫综合征
Addison Disease,,艾迪生病
Adenoidectomy,,腺样体切除术
Adenosine,,腺苷
Adjustable Gastric Banding,,可调式胃束带术
Adrenal Insufficiency,,肾上腺皮质功能不全
Advanced Cardiac Life Support,ACLS,高级心血管生命支持
Advanced Trauma Life Support,ATLS,高级创伤生命支持
Adverse Event,,不良事件
Age-Related Physiologic Change,,年龄相关生理改变
Agonist,,激动剂
Air Embolism,,空气栓塞
Airway Evaluation,,气道评估
Airway Management,,气道管理
Airway Obstruction,,气道梗阻
Airway Resistance,,气道阻力
Akinesia,,制动
Alarm Fatigue,,警报疲劳
Albumin,,白蛋白
Alcoholic Liver Disease,,酒精性肝病
Alfentanil,,阿芬太尼
Alkaline Phosphatase,ALP,碱性磷酸酶
Allele Frequency,,等位基因频率
Allergic Reaction,,过敏反应
Allodynia,,痛觉异常
Allograft,,同种异体移植物
Alveolar Concentration,FA,肺泡浓度
Alveolar Ventilation,,肺泡通气量
Alveolar-Arterial Oxygen Gradient,A-aDO₂,肺泡-动脉血氧分压差
Alveolus,,肺泡
Alzheimer Disease,,阿尔茨海默病
Ambulatory Anesthesia,,门诊麻醉
Ambulatory Surgery Center,ASC,门诊手术中心
American Society of Anesthesiologists,ASA,美国麻醉医师协会
Amino-3-Hydroxy-5-Methylisoxazole-4-Propionic Acid (AMPA) Receptor,,α-氨基-3-羟基-5-甲基异恶唑-4-丙酸受体
Aminoamide Local Anesthetics,,酰胺类局部麻醉药
Aminoester Local Anesthetics,,酯类局部麻醉药
Aminotransferases,,转氨酶
Amiodarone,,胺碘酮
Amnesia,,遗忘
Ampicillin,,氨苄西林
Amsorb,,氨吸附剂
Amyotrophic Lateral Sclerosis,ALS,肌萎缩侧索硬化症
Analgesia,,镇痛
Analysis of Variance,ANOVA,方差分析
Anaphylaxis,,过敏性休克
Anemia,,贫血
Anesthesia,,麻醉
Anesthesia Breathing Circuit,,麻醉呼吸回路
Anesthesia Emergence,,麻醉苏醒
Anesthesia Induction,,麻醉诱导
Anesthesia Information Management Systems,AIMS,麻醉信息管理系统
Anesthesia Maintenance,,麻醉维持
Anesthesia Ventilator,,麻醉呼吸机
Anesthesia Workstation,,麻醉工作站
Anesthesiologist,,麻醉医师
Anesthesiology,,麻醉学
Anesthetic Vaporizer,,麻醉蒸发器
Angiotensin-Converting Enzyme,ACE,血管紧张素转换酶
Angiotensin-Converting Enzyme (ACE) Inhibitors,,血管紧张素转换酶抑制剂
Ankle Block,,踝部神经阻滞
Antagonist,,拮抗剂
Anterior Cord Syndrome,,前脊髓综合征
Anterior Cruciate Ligament (ACL) Repair,,前交叉韧带
Anthrax,,炭疽
Antibiotic Prophylaxis,,抗生素预防
Anticholinesterase Drugs,,抗胆碱酯酶药物
Anticoagulant Drugs,,抗凝药物
Anticonvulsants,,抗癫痫药物
Antidepressants,,抗抑郁药
Antidiuretic Hormone,ADH,抗利尿激素
Antihypertensive Drugs,,降压药物
Antiplatelet Drugs,,抗血小板药物
Antiplatelet Therapy,,抗血小板治疗
Antisialagogue,,抗分泌药
Antitachycardia Pacing,ATP,抗心动过速起搏
Antithrombin III,ATIII,抗凝血酶III
Anxiolysis,,抗焦虑
Aortic Cross-Clamping,,主动脉阻断
Aortic Insufficiency,,主动脉瓣关闭不全
Aortic Stenosis,,主动脉瓣狭窄
Aortic Valve,,主动脉瓣
Aortocaval Compression,,主动脉-腔静脉压迫
APGAR Score,,阿普加评分
Apixaban,,阿哌沙班
Apolipoprotein E,ApoE,载脂蛋白E
Apoptosis,,凋亡
Aprotinin,,抑肽酶
Arachnoid Mater,,蛛网膜
Arrhythmia,,心律失常
Arrhythmia/Dysrhythmia,,心律失常
Arterial Blood Gas,ABG,动脉血气分析
Arterial Blood Pressure,ABP,动脉血压
Arterial Cannulation,,动脉置管
Arterial Carbon Dioxide Tension,PaCO₂,动脉血二氧化碳分压
Arterial Catheterization,,动脉置管
Arterial Oxygen Tension,PaO₂,动脉血氧分压
Arterial Waveform Analysis,,动脉波形分析
Arteriovenous Malformation,AVM,动静脉畸形
ASA Physical Status Classification,,ASA体格状况分级
Ascending Bellows,,上升式风箱
Ascites,,腹水
Aspiration Pneumonitis,,吸入性肺炎
Aspirin,,阿司匹林
Assessment,,评估
Assist-Control Ventilation,ACV,辅助控制通气
Asthma,,哮喘
Asynchronous Pacing,,非同步起搏
Asystole,,心搏停止
Atelectasis,,肺不张
Atenolol,,阿替洛尔
Atherosclerosis,,动脉粥样硬化
Atracurium,,阿曲库铵
Atrial Fibrillation,AF,心房颤动
Atrial Flutter,,心房扑动
Atrial Systole,,心房收缩期
Atrioventricular Block,AV Block,房室传导阻滞
Atrioventricular Block,AVB,房室传导阻滞
Atrioventricular Node,AV Node,房室结
Atropine,,阿托品
Autologous Blood Donation,ABD,自体血捐献
Autologous Blood Salvage,,自体血回收
Autologous Blood Transfusion,,自体输血
Automatic External Defibrillator,AED,自动体外除颤器
Autonomic Hyperreflexia,,自主神经反射亢进
Autonomic Nervous System,ANS,自主神经系统
Awake Craniotomy,,清醒开颅术
Awake Fiberoptic Endotracheal Intubation,,清醒纤维支气管镜气管插管
Awake Intubation,,清醒插管
Axillary Block,,腋路阻滞
Azathioprine,,硫唑嘌呤
Azole Antifungal Drugs,,唑类抗真菌药
Aδ Fibers,,Aδ纤维
Left Ventricular,LV,左心室
Left Ventricular Assist Device,LVAD,左心室辅助装置
Left Ventricular End-Diastolic Pressure,LVEDP,左心室舒张末期压
Left Ventricular Hypertrophy,LVH,左心室肥厚
Left Ventricular Outflow Tract,LVOT,左心室流出道
Left Ventricular Pressure,LVP,左心室压力
Left Ventricular Stroke Work Index,LVSWI,左心室搏功指数
Left Ventricular Systolic Dysfunction,,左心室收缩功能障碍
Left Ventricular Volume,,左心室容积
Leukocyte,,白细胞
Leukocytosis,,白细胞增多
Leukopenia,,白细胞减少
Lidocaine,,利多卡因
Ligation,,结扎术
Limb Ischemia,,肢体缺血
Line Isolation Monitor,LIM,线路隔离监测器
Lipid Emulsion Therapy,,脂肪乳治疗
Lipid Solubility,,脂溶性
Lipopolysaccharide,LPS,脂多糖
Lissencephaly,,光滑脑
Lithium,,锂
Liver Failure,,肝衰竭
Liver Function Tests,LFTs,肝功能检查
Liver Transplantation,,肝移植术
Local Anesthetic,,局部麻醉药
Local Anesthetic Systemic Toxicity,LAST,局麻药系统毒性
Local Anesthesia,,局部麻醉
Loop Diuretics,,袢利尿剂
Low Cardiac Output Syndrome,,低心输出量综合征
Low Flow Anesthesia,,低流量麻醉
Low Molecular Weight Heparin,LMWH,低分子肝素
Lumbar Epidural,,腰部硬膜外麻醉
Lumbar Plexus Block,,腰丛阻滞
Lung Compliance,,肺顺应性
Lung Isolation,,肺隔离
Lung Protective Ventilation,,肺保护性通气
Lung Recruitment Maneuver,,肺复张手法
Lymph Node,,淋巴结
Lymphadenopathy,,淋巴结病变
Lymphatic Drainage,,淋巴引流
Lymphocyte,,淋巴细胞
Lymphoma,,淋巴瘤
Magnesium Sulfate,,硫酸镁
Malignant Hyperthermia,MH,恶性高热
Mallampati Score,,Mallampati评分
Manifold,,集气管
Manual Ventilation,,手控通气
MAP,Mean Arterial Pressure,平均动脉压
Masseter Spasm,,咬肌痉挛
Massive Transfusion Protocol,MTP,大量输血方案
Mast Cell,,肥大细胞
Maximal Voluntary Ventilation,MVV,最大自主通气量
Mechanical Ventilation,,机械通气
Median Nerve Block,,正中神经阻滞
Mediastinoscopy,,纵隔镜检查
Medical Error,,医疗错误
Medical Gas Pipeline,,医用气体管道
Medication Reconciliation,,药物核对
Medullary Respiratory Center,,延髓呼吸中枢
Melatonin,,褪黑素
Membrane Oxygenator,,膜式氧合器
Memory Effect,,记忆效应
Meniscus,,半月板
Mental Nerve Block,,颏神经阻滞
Metabolic Acidosis,,代谢性酸中毒
Metabolic Alkalosis,,代谢性碱中毒
Metabolic Equivalent,MET,代谢当量
Metabolic Syndrome,,代谢综合征
Metabolism,,代谢
Methemoglobinemia,,高铁血红蛋白血症
Methadone,,美沙酮
Methamphetamine,,甲基苯丙胺
Methimazole,,甲硫咪唑
Methylprednisolone,,甲泼尼龙
Metoclopramide,,甲氧氯普胺
Metoprolol,,美托洛尔
Microcirculation,,微循环
Microshock,,微电击
Midazolam,,咪达唑仑
Middle Cerebral Artery,MCA,大脑中动脉
Minimal Alveolar Concentration,MAC,最低肺泡浓度
Minimal Alveolar Concentration Awake,MAC-Awake,清醒MAC
Minimal Alveolar Concentration Bar,MAC-Bar,抑制交感反射MAC
Minimal Alveolar Concentration Intubation,MAC-Intubation,插管MAC
Minimum Effective Concentration,,最低有效浓度
Minimum Fasting Time,,最短禁食时间
Minimum Ventilation,,最低通气量
Mixed Venous Oxygen Saturation,SvO₂,混合静脉血氧饱和度
Monitored Anesthesia Care,MAC,监测麻醉护理
Monophasic Waveform,,单相波形
Monopolar Electrocautery,,单极电凝
Morphine,,吗啡
Motor Block,,运动阻滞
Motor Evoked Potentials,MEP,运动诱发电位
Motor Neuron Disease,,运动神经元病
Mucolytics,,祛痰药
Multimodal Analgesia,,多模式镇痛
Multiple Organ Dysfunction Syndrome,MODS,多器官功能障碍综合征
Multiple Organ Failure,MOF,多器官衰竭
Muscle Relaxant,,肌松药
Myasthenia Gravis,MG,重症肌无力
Myocardial Infarction,MI,心肌梗死
Myocardial Ischemia,,心肌缺血
Myocardial Oxygen Consumption,MVO₂,心肌耗氧量
Myocardial Stunning,,心肌震荡
Myoclonus,,肌阵挛
Myoglobin,,肌红蛋白
Myopathy,,肌病
Myxedema,,黏液性水肿
Myxedema Coma,,黏液性水肿昏迷
Nasal Cannula,,鼻导管
Nasal Intubation,,经鼻插管
Nasogastric Tube,,鼻胃管
Nasopharyngeal Airway,,鼻咽通气道
National Patient Safety Goals,NPSG,国家患者安全目标
Near-Infrared Spectroscopy,NIRS,近红外光谱
Nebulizer,,雾化器
Neck Dissection,,颈部清扫术
Negative Pressure Pulmonary Edema,,负压性肺水肿
Neoadjuvant Therapy,,新辅助治疗
Neostigmine,,新斯的明
Nephrectomy,,肾切除术
Nephrolithiasis,,肾结石
Nephrotoxicity,,肾毒性
Nerve Conduction Study,,神经传导检查
Nerve Injury,,神经损伤
Nerve Stimulator,,神经刺激器
Neurogenic Shock,,神经源性休克
Neuroleptic Malignant Syndrome,,抗精神病药恶性综合征
Neuromuscular Blockade,,神经肌肉阻滞
Neuromuscular Junction,,神经肌肉接头
Neuromuscular Monitoring,,神经肌肉监测
Neuron,,神经元
Neuropathic Pain,,神经病理性疼痛
Neurosurgery,,神经外科
Neurotoxicity,,神经毒性
Neutropenia,,中性粒细胞减少
Nitric Oxide,NO,一氧化氮
Nitroglycerin,,硝酸甘油
Nitrous Oxide,N₂O,一氧化二氮
Non-Invasive Blood Pressure,NIBP,无创血压
Non-Invasive Ventilation,NIV,无创通气
Non-Rebreathing Mask,,非再吸入面罩
Normal Saline,NS,生理盐水
Normothermia,,正常体温
Nortriptyline,,去甲替林
NPO,Nil Per Os,禁食
Nucleus Pulposus,,髓核
Nurse Anesthetist,,麻醉护士
Nursing Care,,护理
Nutrition,,营养
Obesity,,肥胖
Obstructive Sleep Apnea,OSA,阻塞性睡眠呼吸暂停
Obstetric Anesthesia,,产科麻醉
Occipital Nerve Block,,枕神经阻滞
Occlusion,,阻塞
Oliguria,,少尿
Omentum,,网膜
Ondansetron,,昂丹司琼
Opioid,,阿片类药物
Opioid-Induced Hyperalgesia,,阿片类药物诱导痛觉过敏
Opioid Rotation,,阿片类转换
Opioid Withdrawal,,阿片类戒断
Ophthalmic Surgery,,眼科手术
Optic Nerve,,视神经
Oral Airway,,口咽通气道
Organ Donation,,器官捐献
Organ Preservation,,器官保存
Organ Transplantation,,器官移植
Orthopedic Surgery,,骨科手术
Osmolality,,渗透压浓度
Osmolarity,,渗透压
Osmotic Diuretics,,渗透性利尿剂
Osmotic Pressure,,渗透压
Osteoarthritis,,骨关节炎
Osteoporosis,,骨质疏松
Otolaryngology,,耳鼻喉科
Oxygen Consumption,VO₂,氧耗量
Oxygen Delivery,DO₂,氧输送
Oxygen Saturation,SpO₂,血氧饱和度
Oxygen Therapy,,氧疗
Pacemaker,,起搏器
Pain Threshold,,疼痛阈值
Pain Tolerance,,疼痛耐受
Palliative Care,,姑息治疗
Palpation,,触诊
Pancreatitis,,胰腺炎
Pancuronium,,潘库溴铵
Papaverine,,罂粟碱
Paralysis,,麻痹
Paramedic,,急救人员
Paravertebral Block,,椎旁阻滞
Parenchyma,,实质
Parenteral Nutrition,,肠外营养
Parkinson Disease,,帕金森病
Paroxysmal Nocturnal Hemoglobinuria,,阵发性夜间血红蛋白尿
Partial Pressure of Oxygen,PO₂,氧分压
Patient-Controlled Analgesia,PCA,患者自控镇痛
Peak Inspiratory Pressure,PIP,吸气峰压
Pediatric Anesthesia,,儿科麻醉
Pelvic Fracture,,骨盆骨折
Penicillin,,青霉素
Percutaneous Coronary Intervention,PCI,经皮冠状动脉介入治疗
Pericardial Effusion,,心包积液
Pericardiocentesis,,心包穿刺
Perineal Block,,会阴阻滞
Peripheral Nerve Block,,外周神经阻滞
Peripheral Vascular Disease,,外周血管疾病
Perioperative,,围手术期
Perioperative Hypothermia,,围手术期低体温
Perioperative Medicine,,围手术期医学
Peritoneal Dialysis,,腹膜透析
Peritonitis,,腹膜炎
pH,,酸碱度
Pharmacodynamics,,药效学
Pharmacokinetics,,药代动力学
Phenylephrine,,去氧肾上腺素
Phenytoin,,苯妥英
Physiologic Dead Space,,生理无效腔
Physiologic Shunt,,生理分流
Physiology,,生理学
Pigtail Catheter,,猪尾导管
Pin Index Safety System,PISS,销式安全系统
Piperacillin,,哌拉西林
Plasma,,血浆
Plasma Volume,,血浆容量
Platelet,,血小板
Platelet Function,,血小板功能
Platelet-Rich Plasma,PRP,富血小板血浆
Pleural Effusion,,胸腔积液
Pleural Pressure,,胸膜腔压力
Pleurodesis,,胸膜固定术
Pneumonia,,肺炎
Pneumonitis,,肺炎
Pneumothorax,,气胸
Point-of-Care Testing,POCT,床旁检测
Polymyxin,,多粘菌素
Positive End-Expiratory Pressure,PEEP,呼气末正压
Positive Pressure Ventilation,,正压通气
Post-Dural Puncture Headache,PDPH,硬膜穿刺后头痛
Postoperative Cognitive Dysfunction,POCD,术后认知功能障碍
Postoperative Delirium,,术后谵妄
Postoperative Nausea and Vomiting,PONV,术后恶心呕吐
Postoperative Pain,,术后疼痛
Postoperative Respiratory Depression,,术后呼吸抑制
Postoperative Shivering,,术后寒战
Postpartum Hemorrhage,PPH,产后出血
Potassium,,钾
Pre-Eclampsia,,子痫前期
Preload,,前负荷
Pressure-Controlled Ventilation,PCV,压控通气
Pressure Support Ventilation,PSV,压力支持通气
Pressure-Volume Loop,,压力-容积环
Preterm Labor,,早产
Primary Survey,,初步评估
Procalcitonin,PCT,降钙素原
Prolonged QT Interval,,QT间期延长
Propofol,,丙泊酚
Prostaglandins,,前列腺素
Protein Binding,,蛋白结合率
Pulmonary Artery,,肺动脉
Pulmonary Artery Catheter,PAC,肺动脉导管
Pulmonary Artery Pressure,PAP,肺动脉压
Pulmonary Compliance,,肺顺应性
Pulmonary Edema,,肺水肿
Pulmonary Embolism,PE,肺栓塞
Pulmonary Function Test,PFT,肺功能检查
Pulmonary Hypertension,,肺动脉高压
Pulmonary Shunt,,肺分流
Pulse Oximetry,,脉搏氧饱和度
Pulse Pressure Variation,PPV,脉压变化
Pupillary Reflex,,瞳孔反射
Pyloric Stenosis,,幽门狭窄
QRS Complex,,QRS波群
QT Interval,,QT间期
Quadriplegia,,四肢瘫痪
Qualitative Research,,定性研究
Quantitative Research,,定量研究
Quasi-Experimental Study,,准实验研究
Quinidine,,奎尼丁
Radial Artery,,桡动脉
Radial Nerve Block,,桡神经阻滞
Radiation Exposure,,辐射暴露
Rapid Sequence Induction,RSI,快速序贯诱导
Rebreathing,,再吸入
Receptor,,受体
Recovery Room,,恢复室
Red Blood Cell,RBC,红细胞
Red Cell Distribution Width,RDW,红细胞分布宽度
Regional Anesthesia,,区域麻醉
Regional Cerebral Oxygen Saturation,rSO₂,区域脑氧饱和度
Regional Citrate Anticoagulation,,区域枸橼酸抗凝
Regurgitation,,反流
Relaxation Time,,松弛时间
Renal Blood Flow,,肾血流量
Renal Clearance,,肾清除率
Renal Failure,,肾衰竭
Renal Function,,肾功能
Renal Replacement Therapy,RRT,肾脏替代治疗
Renin-Angiotensin System,,肾素-血管紧张素系统
Residual Neuromuscular Blockade,,残余肌松
Respiratory Acidosis,,呼吸性酸中毒
Respiratory Alkalosis,,呼吸性碱中毒
Respiratory Arrest,,呼吸停止
Respiratory Failure,,呼吸衰竭
Respiratory Rate,RR,呼吸频率
Respiratory System Compliance,,呼吸系统顺应性
Resuscitation,,复苏
Reticulocyte,,网织红细胞
Retinal Detachment,,视网膜脱离
Retinopathy,,视网膜病变
Retrobulbar Block,,眼后阻滞
Retrograde Intubation,,逆行插管
Reverse Trendelenburg Position,,反特伦德伦堡体位
Reversal Agent,,拮抗剂
Rhabdomyolysis,,横纹肌溶解
Rib Fracture,,肋骨骨折
Right Atrium,RA,右心房
Right Bundle Branch Block,RBBB,右束支传导阻滞
Right Ventricle,RV,右心室
Right Ventricular Failure,,右心室衰竭
Rocuronium,,罗库溴铵
Root Mean Square,RMS,均方根
Rotational Thromboelastometry,ROTEM,旋转式血栓弹力图
Roving Eye Movements,,游走眼球运动
RSI,Rapid Sequence Intubation,快速序贯插管
Saddle Block,,鞍区阻滞
Safe Injection Practices,,安全注射规范
Saline,,生理盐水
Salvage Therapy,,挽救治疗
Sample Size,,样本量
Sarin,,沙林毒剂
Saturation,,饱和度
Scavenging System,,废气收集系统
Sciatic Nerve Block,,坐骨神经阻滞
Scoliosis,,脊柱侧弯
Scopolamine,,东莨菪碱
Sedation,,镇静
Sedation Scale,,镇静评分
Seizure,,癫痫发作
Selective Serotonin Reuptake Inhibitors,SSRIs,选择性5-羟色胺再摄取抑制剂
Sellick Maneuver,,环甲膜压迫
Sepsis,,败血症
Septic Shock,,败血性休克
Serotonin Syndrome,,5-羟色胺综合征
Serum Creatinine,,血清肌酐
Serum Osmolality,,血清渗透压
Shock,,休克
Shoulder Dystocia,,肩难产
Shoulder Surgery,,肩部手术
Shunt Fraction,,分流分数
Sick Sinus Syndrome,,窦房结病变
Sigmoid Colon,,乙状结肠
Signal Averaging,,信号平均
Single-Lumen Tube,,单腔管
Single-Shot Spinal,,单次脊麻
Sinus Bradycardia,,窦性心动过缓
Sinus Rhythm,,窦性心律
Sinus Tachycardia,,窦性心动过速
Skeletal Muscle Relaxant,,骨骼肌松弛药
Sleep Apnea,,睡眠呼吸暂停
Sliding Scale Insulin,,滑动胰岛素剂量
Slow-Wave Sleep,,慢波睡眠
Sodium Bicarbonate,,碳酸氢钠
Sodium Channel Blocker,,钠通道阻滞剂
Sodium Nitroprusside,,硝普钠
Soft Tissue,,软组织
Spasm,,痉挛
Spinal Anesthesia,,脊髓麻醉
Spinal Cord,,脊髓
Spinal Cord Injury,,脊髓损伤
Spinal Shock,,脊髓休克
Spirometry,,肺量计检查
Splenic Injury,,脾损伤
Splenectomy,,脾切除术
Spondylolisthesis,,椎体滑脱
Spondylosis,,脊柱退行性病变
Spontaneous Breathing,,自主呼吸
SpO₂,,血氧饱和度
Stable Angina,,稳定型心绞痛
Standing Wave,,驻波
Status Epilepticus,,癫痫持续状态
Steroid,,类固醇
Sternotomy,,胸骨切开术
Stomach,,胃
Stoma,,造口
Strabismus,,斜视
Stroke Volume,SV,每搏输出量
Stroke Volume Variation,SVV,每搏量变化
Subarachnoid Block,,蛛网膜下腔阻滞
Subclavian Vein,,锁骨下静脉
Subdural Hematoma,,硬膜下血肿
Substance Abuse,,物质滥用
Succinylcholine,,琥珀胆碱
Sudden Cardiac Arrest,,心脏骤停
Supraglottic Airway,,上声门气道
Supraclavicular Block,,锁骨上阻滞
Supraorbital Nerve Block,,眶上神经阻滞
Surgical Airway,,手术气道
Surgical Apgar Score,,手术Apgar评分
Surgical Blood Loss,,手术失血
Surgical Site Infection,SSI,手术部位感染
Surgical Stress Response,,手术应激反应
Survey,,调查
Suxamethonium,,琥珀胆碱
Sympathetic Block,,交感阻滞
Sympathetic Nervous System,,交感神经系统
Synapse,,突触
Syncope,,晕厥
Systole,,收缩期
Systolic Function,,收缩功能
Systolic Pressure,,收缩压
Systemic Inflammatory Response Syndrome,SIRS,全身炎症反应综合征
Systemic Vascular Resistance,SVR,全身血管阻力
Tachyarrhythmia,,心动过速性心律失常
Tachycardia,,心动过速
Tactile Fremitus,,触觉语颤
Tailored Therapy,,个体化治疗
Target-Controlled Infusion,TCI,靶控输注
Tension Pneumothorax,,张力性气胸
Teratogenicity,,致畸性
Terminal Extubation,,终末拔管
Test Dose,,试验剂量
Tetanus,,破伤风
Thalamus,,丘脑
Thrombin,,凝血酶
Thromboelastography,TEG,血栓弹力图
Thrombocytopenia,,血小板减少
Thrombocytosis,,血小板增多
Thrombolysis,,溶栓
Thrombosis,,血栓形成
Thyroidectomy,,甲状腺切除术
Thyroid Storm,,甲状腺危象
Thyroiditis,,甲状腺炎
Tidal Volume,VT,潮气量
Time Constant,,时间常数
Tissue Perfusion,,组织灌注
Tissue Plasminogen Activator,tPA,组织型纤溶酶原激活剂
Titration,,滴定
Tolerance,,耐受性
Tongue Depressor,,压舌板
Total Intravenous Anesthesia,TIVA,全静脉麻醉
Total Lung Capacity,TLC,肺总量
Tourniquet,,止血带
Toxicology,,毒理学
Trachea,,气管
Tracheal Intubation,,气管插管
Tracheostomy,,气管造口术
Tranexamic Acid,TXA,氨甲环酸
Transcutaneous Pacing,,经皮起搏
Transesophageal Echocardiography,TEE,经食管超声心动图
Transfusion Reaction,,输血反应
Transient Ischemic Attack,TIA,短暂性脑缺血发作
Transmural Pressure,,跨壁压
Transplantation,,移植
Transport Ventilator,,转运呼吸机
Transpulmonary Pressure,,肺跨壁压
Trendelenburg Position,,特伦德伦堡体位
Trigger,,触发
Triple Therapy,,三联治疗
Troponin,,肌钙蛋白
Trophic Feeding,,营养性喂养
Trousseau Sign,,特鲁索征
Tumor Lysis Syndrome,,肿瘤溶解综合征
Tympanic Membrane,,鼓膜
Type and Screen,,血型鉴定与抗体筛查
Type and Crossmatch,,血型鉴定与交叉配血
Ulcerative Colitis,,溃疡性结肠炎
Ultrafiltration,,超滤
Ultrasound,,超声
Umbilical Artery,,脐动脉
Umbilical Vein,,脐静脉
Unconsciousness,,意识丧失
Underweight,,体重过低
Unilateral Block,,单侧阻滞
Unipolar Electrocautery,,单极电凝
Upper Airway Obstruction,,上气道梗阻
Upper Gastrointestinal Bleeding,,上消化道出血
Ureter,,输尿管
Urethra,,尿道
Urgent Surgery,,紧急手术
Urinalysis,,尿液分析
Urinary Catheter,,尿管
Urinary Retention,,尿潴留
Urinary Tract Infection,UTI,泌尿道感染
Urticaria,,荨麻疹
Uterine Atony,,子宫收缩乏力
Uterine Contraction,,子宫收缩
Uterine Rupture,,子宫破裂
Uterus,,子宫
Vagal Response,,迷走神经反应
Vagus Nerve,,迷走神经
Valsalva Maneuver,,瓦氏动作
Vaporizer,,蒸发器
Varicose Veins,,静脉曲张
Vasoconstriction,,血管收缩
Vasodilation,,血管扩张
Vasodilator,,血管扩张剂
Vasopressin,,加压素
Vasopressor,,升压药
Vascular Access,,血管通路
Vascular Resistance,,血管阻力
Vascular Surgery,,血管手术
Vasculitis,,血管炎
Vein,,静脉
Venipuncture,,静脉穿刺
Venous Air Embolism,,静脉空气栓塞
Venous Blood Gas,,静脉血气
Venous Return,,静脉回流
Ventilation,,通气
Ventilation-Perfusion Ratio,V/Q,通气/灌注比
Ventilator,,呼吸机
Ventilator-Associated Pneumonia,VAP,呼吸机相关性肺炎
Ventricular Fibrillation,VF,心室颤动
Ventricular Tachycardia,VT,心室心动过速
Vertebral Column,,脊柱
Vertebral Fracture,,椎体骨折
Vertebral Level,,椎体水平
Vertebroplasty,,椎体成形术
Vertical Transmission,,垂直传播
Viscosity,,黏度
Visceral Pain,,内脏痛
Vitamin K,,维生素K
Vital Capacity,VC,肺活量
Vital Signs,,生命体征
Volume-Controlled Ventilation,VCV,容控通气
Volume of Distribution,Vd,分布容积
Voluntary Breathing,,自主呼吸
Vomiting,,呕吐
Warfarin,,华法林
Warm Ischemia Time,,温缺血时间
Water Intoxication,,水中毒
Waveform,,波形
Weber Test,,韦伯试验
Weaning,,脱机
Wernicke Encephalopathy,,韦尼克脑病
Wheezing,,喘鸣
White Blood Cell,WBC,白细胞
Whole Blood,,全血
Wide Complex Tachycardia,,宽QRS心动过速
Wound Dehiscence,,伤口裂开
Wound Infection,,伤口感染
Wound Healing,,伤口愈合
X-Ray,,X线
Xenon Anesthesia,,氙麻醉
Xenon Gas,,氙气
Yolk Sac,,卵黄囊
Zeta Potential,,Zeta电位
Zinc,,锌
Zygomatic Nerve Block,,颧神经阻滞
